-- phpMyAdmin SQL Dump
-- version 4.9.0.1
-- https://www.phpmyadmin.net/
--
-- Hôte : 127.0.0.1
-- Généré le :  mar. 12 nov. 2019 à 12:36
-- Version du serveur :  10.4.6-MariaDB
-- Version de PHP :  7.1.32

SET SQL_MODE = "NO_AUTO_VALUE_ON_ZERO";
SET AUTOCOMMIT = 0;
START TRANSACTION;
SET time_zone = "+00:00";


/*!40101 SET @OLD_CHARACTER_SET_CLIENT=@@CHARACTER_SET_CLIENT */;
/*!40101 SET @OLD_CHARACTER_SET_RESULTS=@@CHARACTER_SET_RESULTS */;
/*!40101 SET @OLD_COLLATION_CONNECTION=@@COLLATION_CONNECTION */;
/*!40101 SET NAMES utf8mb4 */;

--
-- Base de données :  `blog`
--

-- --------------------------------------------------------

--
-- Structure de la table `article`
--

CREATE TABLE `article` (
  `id` int(11) NOT NULL,
  `titre` varchar(255) NOT NULL,
  `body` text NOT NULL,
  `imageArticle` text DEFAULT NULL,
  `id_user` int(11) NOT NULL,
  `id_category` int(11) NOT NULL,
  `dateArticle` datetime NOT NULL
) ENGINE=InnoDB DEFAULT CHARSET=latin1;

--
-- Déchargement des données de la table `article`
--

INSERT INTO `article` (`id`, `titre`, `body`, `imageArticle`, `id_user`, `id_category`, `dateArticle`) VALUES
(89, 'Cap sur Nice pour un week-end culturel', 'À la Villa #Arson , l’école est finie, et nous voilà en pleine effervescence du montage de l’exposition de la plasticienne américaine Judy Chicago (1). C’est un peu la Californie qui s’installe sur la colline, comme un clin d’œil au #new-look arty de Nice. Depuis son ouverture en 1972, la Villa Arson, signée par l’architecte Michel Marot, irrigue la création contemporaine, entre son école d’art et son lieu d’exposition. Le bâtiment couvert de galets épouse le relief en un labyrinthe sophistiqué d’ateliers en terrasses, baignés de lumière. L’école est un vivier de talents reconnus (Tatiana Trouvé, Philippe Mayaux ou Michel Blazy, qui expose tout près, Galerie des Ponchettes, jusqu’au 4 novembre) et de jeunes artistes prometteurs (Tatiana Wolska, Florian Pugnaire). Ce lieu à part s’inscrit aussi dans la ville, comme lorsqu’en 2016 il a abrité l’exposition des vingt ans de La Station, un acteur majeur de la vitalité artistique locale.\r\n\r\nNice est aussi la cinquième ville de #France, stimulée à la fois par une identité très forte et un brassage international inouï. Matisse, qui y avait élu domicile, repose au cimetière de Cimiez. L’École de Nice a vu éclore dès les an­nées 1950 une génération en or, avec Yves Klein, Martial Raysse, Arman, César, puis Bernar Ve­net, Claude Viallat, Noël Dolla ou Ben le trublion… Un tissu solide de musées, de lieux d’expositions, de sites porteurs et prometteurs, une mairie active et une noria d’événements qui perpétuent l’histoire de cette terre arty, à l’instar du Mamac, le Musée d’art moderne et contemporain dont la collection reflète l’épopée artistique niçoise. «C’est un #musée qui est né d’une histoire très riche, connectée à l’international», raconte sa directrice Hélène Guenin.\r\n\r\n', 'nice-arty (1).jpg', 2, 38, '2019-04-13 10:39:10'),
(90, 'Quels sont les fruits les moins caloriques ?', 'Si tous les fruits (et légumes) sont bons pour la santé, du fait de leur richesse en vitamines, en minéraux, en fibres et en anti-oxydants, il n\'est pas toujours facile de s\'y retrouver pour faire les meilleurs choix pour votre ligne. Et malheureusement, le tableau des calories n\'est pas inscrit sur les fruits ! Voici la sélection des fruits les moins caloriques et quelques conseils pour vous aider à profiter de toutes leurs vertus.\r\n\r\nTop 15 des fruits frais les moins caloriques\r\nChaque fruit renferme ses propres qualités nutritionnelles, c\'est pourquoi il est important de bien varier sa consommation de fruits (et de légumes !) en privilégiant toujours les végétaux de saison pour bénéficier au maximum de leurs atouts santé. Mais comme tous les fruits ne se valent pas en terme d\'apport calorique, voici, la sélection des 15 fruits les moins caloriques et les moins énergétiques :\r\n \r\n1. La pastèque : 30 kcal/100 g\r\nComposée à 92% d\'eau, la pastèque est l\'un des fruits les moins caloriques bien que sa saveur soit parfois très sucrée. Elle est riche en magnésium, en cuivre, en Vitamines A, B5 et B6. Si elle est coupée, veillez à consommer votre pastèque dans les 4 jours pour profiter des vertus de son lycopène, son fameux anti-oxydant, présent également dans la tomate.\r\n \r\n2. La fraise : 33 kcal/100 g\r\nRiche en composés phénoliques, les fraises sont des fruits au pouvoir anti-oxydants très puissants et auraient un effet protecteur contre le cancer. La capacité antioxydante des fraises est aussi très intéressante lorsqu\'elles sont consommées sous forme de confiture. Optez donc pour une confiture à la fraise de qualité, de préférence 100% fruits, pour vos petits-déjeuners !\r\n \r\n3. La groseille : 33 kcal/100 g\r\nLa groseille est un fruit qui renferme une quantité intéressante de potassium, d\'anti-oxydants et de Vitamine C. Elle est aussi riche en pectine, une fibre qui aurait de nombreux bienfaits sur la santé notamment sur la diminution des niveaux de cholestérol sanguin ainsi que de la glycémie.\r\n \r\n4. La framboise : 35 kcal/100 g\r\nRiches en vitamines C, les framboises ont un pouvoir anti-oxydant très élevé. En revanche, pour profiter de leurs bienfaits, évitez de les congeler car les très basses températures nuisent autant à ses vitamines qu\'à ses antioxydants.\r\n \r\n5. Le melon : 35 kcal/100 g\r\nComposé à 90% d\'eau, le melon est particulièrement rafraîchissant. Conservez-le au réfrigérateur, entier (plutôt que coupé) : il perdra beaucoup moins de ses vertus nutritionnelles.\r\n \r\n6. Le pamplemousse (pomelo) : 35 kcal/100 g\r\nLe pamplemousse est un fruit qui renferme une quantité exceptionnelle de vitamine C et d\'antioxydants aux multiples bienfaits pour la santé, notamment sur les risques de cancers et de maladies cardiovasculaires. Afin de profiter au maximum des propriétés antioxydantes de ce fruit, choisissez de préférence des pamplemousses roses ou, mieux encore, rouges !\r\n \r\n7. La pèche et la nectarine : 38 kcal/100 g\r\nFruits d\'été par excellence, la pêche et la nectarine sont riches en sucre (mais pas nécessairement caloriques) si elles sont cueillies à maturité. Elle sont aussi riches en vitamines, en fibres et en anti-oxydants qui sont surtout contenus dans la peau. Consommez donc vos pêches et vos nectarines entières, avec leur pelure, après les avoir bien lavées.\r\n \r\n8. L’orange : 40 kcal/100 g\r\nL\'orange est réputée pour sa teneur exceptionnelle en Vitamine C. Le mieux est de consommer les oranges sous forme de fruits frais entiers ou sous forme de jus maison. Mais si vous optez pour un jus de fruits industriel (100% pur jus, sans sucres ajoutés), consommez-le 3 à 4 semaines avant la date d’expiration inscrite sur l’emballage pour bénéficier de ses vertus.\r\n \r\n9. L’abricot : 44 kcal/100 g\r\nRiche en fibres, en antioxydants et en Vitamine A, l\'abricot a tout intérêt à être consommé en association avec du (bon !) gras. En effet, les caroténoïdes, dont le bêta-carotène qui lui donne sa couleur orangé, sont mieux absorbés dans l’organisme lorsqu’une petite quantité de lipides est consommée au même moment. L\'idéal : manger des fruits oléagineux (amandes, noix, noisettes, etc.) en même temps que vos abricots !\r\n \r\n10. La prune : 44 kcal/100 g\r\nL\'eau contenue dans la prune à 82,5% est chargée en minéraux et oligo-éléments, notamment de potassium, de fer et de magnésium. Fraîche, en jus ou séchée (pruneau), la prune est toujours riche en antioxydants et en vitamines, notamment du groupe B.\r\n \r\n11. La mandarine : 45 kcal/100 g\r\nLa mandarine est une excellente source de Vitamine C. En hiver, c\'est le fruit anti-fatigue par excellence ! Facile à emporter dans son sac, elle se mange en toute circonstance, à la fin d\'un repas ou même pour une collation improvisée. Vous ferez ainsi le plein de Vitamine C, mais aussi de Vitamine A et d\'anti-oxydants.\r\n \r\n12. La nèfle : 45 kcal/100 g\r\nPeu répandue, la nèfle est pourtant un fruit intéressant, notamment pour sa richesse en vitamines : c\'est la championne de la Vitamine A. Elle offre également un taux intéressant de béta-carotène qui, grâce à ses propriétés antioxydantes, aide la peau à se protéger. Pensez donc à en consommer pour préparer votre peau aux premières expositions au soleil.\r\n \r\n13. L’ananas : 50 kcal/100 g\r\nFruit tropical par excellence, l\'ananas est présent sur les étals des supermarchés toute l’année. Très riche en manganèse, il contient surtout de la broméline, qui facilite la digestion et qui aurait de nombreuses actions bénéfiques sur la circulation sanguine.\r\n \r\n14. La pomme : 50 kcal/100 g\r\nLa pomme est une bonne source d’antioxydants et de fibres alimentaires. Cependant, la quantité d’anti-oxydants et sa teneur en vitamines et en minéraux varient selon la variété, la maturité et le traitement (entreposage, cuisson, extraction du jus). Pour bien faire, préférez toujours les pommes rouges car elles sont généralement plus riches en antioxydants que les pommes de couleur pâle. Lavez-les mais évitez de les peler !\r\n \r\n15. La poire : 50 kcal/100 g\r\nRiche en fibres, la poire présente également une teneur très intéressante en vitamines et en anti-oxydants. Préférez-les fraîches et si possible bio car la culture biologique permettrait aux fruits de déployer davantage leurs défenses anti-oxydantes contre les agents pathogènes.\r\n \r\nTop 10 des fruits secs les moins caloriques\r\nSi les fruits frais sont de véritables trésors aux vitamines, aux minéraux et aux anti-oxydants, les fruits oléagineux et les fruits secs ne sont pas moins intéressants pour autant. Faciles à emporter avec vous en toute circonstance, ils sont une excellente alternative pour une collation à la hâte sur le pouce.\r\n\r\nLes fruits oléagineux :\r\n\r\nLes fruits oléagineux ont souvent mauvaise réputation du fait de leurs apports en lipides (graisses). Pourtant, la plupart d\'entre eux sont véritablement intéressants car ils apportent certes des graisses, mais il s\'agit d\'acides gras de bonne qualité, qui protègent vos artères. Parmi les fruits oléagineux, les pistaches, les noix de cajou et les amandes sont les plus intéressantes par rapport aux autres noix et graines . Elles sont en effet un peu moins caloriques mais elles contiennent surtout plus de protéines et de fibres alimentaires et sont donc plus rassasiantes. Un atout intéressant pour combler les petites faims !\r\n\r\n1. Pistaches : 160 kcal/portion (30 g) = 45 pistaches\r\n2. Noix de cajou : 160 kcal/portion (30 g) = 20 noix de cajou\r\n3. Amandes : 170 kcal/portion (30 g) = 20-25 amandes\r\n4. Noisettes : 180 kcal/portion (30 g) = 20 noisettes\r\n5. Noix de Grenoble : 185 kcal/portion (30 g) = 14 moitiés\r\n \r\nLes fruits secs :\r\n \r\nLes fruits secs sont en moyenne 2 à 4 fois plus riches en calories que leur équivalent en fruits frais, exception faite pour le raisin sec. Mais la bonne nouvelle c\'est qu\'on adapte toujours sa consommation : on se contente en effet généralement d\'une poignée de 30 g de fruits secs alors que pour un fruit frais, on en vient souvent à consommer une portion de 100 et 250 g selon les fruits.\r\n \r\nAvec les fruits secs, on y gagne donc dans la balance des calories !\r\n \r\n1. Figues : 60 kcal/portion (30 g) = 3 figues moyennes\r\n2. Pruneaux : 72 kcal/portion (30 g) = 3-4 pruneaux\r\n3. Pomme séchée : 80 kcal/portion (30 g) = 5 morceaux de pomme\r\n4. Abricots secs : 80 cal/portion (30 g) = 8 moitiés d\'abricots\r\n5. Papaye : 100 kcal/portion (30 g) = 2 morceaux de papaye\r\n \r\nLes raisins secs quant à eux apportent 110 kcal/portion de 30 g, ce qui représente environ 1/4 de tasse.', 'i135293-fruits-les-moins-caloriques.jpeg', 2, 33, '2019-04-14 11:29:13'),
(91, 'Sablés de Pâques décorés à la glace royale', 'ÉTAPE 1\r\nPréparez la pâte à sablés. Sur votre plan de travail ou sur un tapis, versez la farine mélangée avec la levure tamisée, le sucre glace, la poudre d\'amandes, la poudre de lait, le sel, la vanille, les zestes d\'orange et le beurre froid. Mélangez le tout à l’aide d’un coupe pâte pour obtenir un mélange sableux. Ajoutez l\'oeuf battu et mélangez. Formez une boule puis rapidement fraisez avec la paume de la main sans trop travailler la pâte. Enveloppez la pâte dans un film alimentaire et réservez au réfrigérateur pendant 1 h 30.\r\n\r\nÉTAPE 2\r\nEtalez le pâton sur une épaisseur de 5 mm puis procédez à la découpe des oeufs à l\'emporte-pièce. Piquez le dessous des sablés à l\'aide d\'une fourchette (pour éviter qu\'ils ne gonflent à la cuisson) et déposez-les sur une plaque de cuisson recouverte de papier sulfurisé. Remettez les sablés au réfrigérateur 30 minutes.\r\n\r\nÉTAPE 3\r\nPendant ce temps, préchauffez le four à 170°C. Enfournez pour 10 minutes. Surveillez la cuisson.\r\n\r\nÉTAPE 4\r\nReformez une boule avec les chutes de pâte et recommencez l\'opération jusqu\'à ce qu\'il n\'y en ait plus. Sortez les biscuits du four et laissez-les refroidir.\r\n\r\nÉTAPE 5\r\nRéalisez la glace royale. Dans un saladier, versez les blancs d\'oeuf et le sucre glace ainsi que le jus de citron.\r\n\r\nÉTAPE 6\r\nA l\'aide d\'un batteur électrique, battez à vitesse lente pendant 2 à 3 minutes puis augmentez la vitesse pendant 5 à 6 minutes jusqu\'à ce que le mélange soit brillant et ferme.\r\n\r\nÉTAPE 7\r\nSéparez dans deux bols différents car 1/3 du glaçage restera blanc. Filmez-le au contact puis recouvrez d\'un autre film alimentaire pour éviter qu\'il ne se dessèche.\r\n\r\nÉTAPE 8\r\nRépartissez les 2/3 restants dans des petits bols (autant que de couleurs désirées). Travaillez les couleurs une par une, elles vont servir au remplissage de vos biscuits.\r\n\r\nÉTAPE 9\r\nMettez la glace royale colorée dans des poches munies d\'une douille n° 3. Commencez d\'abord le pourtour puis procédez au remplissage. Tapotez le biscuit pour obtenir une surface bien lisse et procédez de la même façon pour chaque couleur. Laissez sécher une nuit et procédez à la décoration le lendemain.\r\n\r\nÉTAPE 10\r\nSi votre glaçage blanc est un peu desséché, ajoutez quelques gouttes d\'eau jusqu\'à obtenir la bonne consistance.\r\n\r\nÉTAPE 11\r\nMettez dans une poche munie d\'une douille n° 1.\r\n\r\nÉTAPE 12\r\nLaissez travailler votre créativité en réalisant les dessins que vous souhaitez. Laissez sécher vos biscuits une nuit si vous voulez les conserver dans une boite.\r\n\r\nÉTAPE 13\r\nSortez votre boite de Sablés de Pâques décorés à la glace royale au moment du goûter de Pâques. C\'est un succès assuré avec une bonne tasse de thé !', '109764568_o.jpg', 2, 35, '2019-06-12 09:32:50'),
(92, '3 activités instructives et ludiques pour occuper les enfants cet été', 'L’année scolaire est finie et c’est parti pour 2 mois de vacances ! Et la question que se posent beaucoup de mamans (et mois la première ^^) c’est comment occuper les enfants cet été, et si possible intelligemment ?\r\n\r\nS’il y a bien évidemment les classiques goûters au parc, sorties culturelles, après-midi avec les copains / copines / cousins ou cousines, ou autres promenades à vélo, cela laisse malgré tout pas mal de temps libre à la maison qu’il va falloir occuper.\r\n\r\nL’avantage avec les enfants, c’est qu’ils ont soif d’apprendre dès lors que l’on parvient à trouver l’activité qui leur plaît. Et pour cet été, ils vont être gâtés et surtout ils vont pouvoir apprendre en s’amusant des choses utiles pour faire grandir leur foi de muslim en herbe. ^^\r\n\r\nVoici nos 3 programmes coups de cœur pour cet été.\r\n\r\n1 /La box d’activités Talamize\r\nChez Avenue des Sœurs, on est complètement fans des supports proposés par Talamize ! Il faut dire qu’ils sont toujours extrêmement complets et ludiques et que les enfants en raffolent.\r\n\r\nPour cet été, Talamize lance sa nouvelle box d’activités pour permettre aux enfants de 3 à 5 ans de partir à la découverte de la langue arabe. Cette box contient 9 livres PDF soit plus de 250 pages de coloriage, traçage, écriture, vocabulaire, collage et autres activités en tout genre qui permettront à vos enfants de s’imprégner de l’alphabet arabe et d’apprendre leurs premiers mots.\r\n\r\nEn avançant un petit peu chaque jour tout en prenant le temps de s’adapter au rythme et à l’envie de vos enfants, il y a de grandes chances pour que l’alphabet arabe n’ait plus de secret pour eux à la fin de l’été ! (avec l’aide d’Allah)\r\n\r\nEt bonne nouvelle pour les parents de plus grands, la box d’activités Talamize existe aussi dans une  version destinée aux plus de 6 ans. Au programme : Exercices, Vocabulaire, Écriture, Les couleurs, Les formes, Les chiffres, Les jours , Les mois, Les saisons, L’heure, et bien d’autres choses encore …\r\n\r\nPour vous procurer la box d’activité c’est par ici => Je découvre la box !\r\n\r\n(Pour info, elle est en promo à -70% jusqu’au 12 Juillet)\r\n\r\n \r\n\r\n\r\n\r\n \r\n\r\n2 / J’apprends la prière avec Talamize \r\n(Quand je vous disais qu’on est fans ^^)\r\n\r\nCette fois-ci, le programme s’adresse aux enfants un peu plus grands (sachant déjà bien lire en français) afin de les préparer de façon ludique à l’obligation de la prière. Pour les parents, c’est une grosse responsabilité que d’apprendre ce pilier de l’Islam à leurs enfants. Le sujet de la prière est vaste et l’on ne sait pas toujours par où commencer.\r\n\r\nTalamize a conçu un programme complet pour permettre aux enfants d’apprendre la prière en s’amusant. Le programme contient des leçons, des tests de connaissance, des jeux, des questions, des exercices et des activités simples et ludiques.\r\n\r\nIl existe en version interactive ( un peu comme un jeu à faire sur ordinateur, tablette ou smartphone) ou en version ebook (livre PDF à télécharger et imprimer). A vous de voir quel support conviendrait le mieux à votre enfant !', 'concentration-enfant-min-433x387.jpg', 2, 32, '2019-06-12 05:40:39'),
(94, '5 gestes écologiques (et très simples) à appliquer au quotidien', 'Mais d’abord, commençons par définir le terme écologie. En science, l’écologie est « la science qui étudie les êtres vivants dans leur milieu et les interactions entre eux ». La seconde définition est plus apparentée à une action générale qui défini «  l’écologie comme une doctrine visant à un meilleur équilibre entre l’homme et son environnement naturel ainsi qu’à la protection de ce dernier ». Dans cet article nous nous intéresserons au second terme puisque nous vous présenterons 5 gestes de protection environnementale qui peuvent sauver la planète.\r\n\r\n \r\n\r\nGeste écologique n°1 : Dire adieu aux sacs en plastique !\r\nUtiliser des sacs réutilisables en tissu, en toile ou en matière recyclée pour effectuer les courses du quotidien.\r\n\r\nLe plastique est une des grandes causes de pollution de l’environnement. En effet le plastique a une durée de vie de 450 ans dans la nature. Imaginez, que même après votre mort, ce sac sera encore présent sur Terre et continuera de rejeter des polluants chimiques dans la nature !\r\n\r\nAprès une prise de conscience collective, plusieurs pays ont pris l’initiative d’inciter leur population à ne plus utiliser de sacs non dégradables mais plutôt des sacs en tissu ou des paniers en interdisant la vente de sacs plastiques et en proposant des sacs réutilisables.\r\n\r\nGeste écologique n°2 : Ne pas jeter de déchets dans la nature\r\nÇa tombe sous le sens, mais il suffit de regarder autour de nous pour voir que c’est encore loin d’être une évidence pour tous. Donc rappelons-le encore et toujours, on ne jette pas ses déchets dans la nature !\r\n\r\nL’être humain n’a pas conscience des conséquences que certains de ses actes peut avoir sur l’environnement. Il oublie très souvent de respecter ce que la Terre lui donne comme bienfaits en termes de nourriture et d’apaisement. L’Homme a toujours jeté ses déchets dans la nature sans se soucier qui il y aurait un impact négatif dans l’air, les eaux et le sol. Cette pollution entraine ainsi des effets tout aussi néfastes sur sa santé et celle des autres êtres vivants.\r\n\r\nLorsqu’il pleut et que l’eau se mélange aux déchets, la fusion entre les deux provoque une réaction chimique en créant un carbone organique qui provoque ensuite des pluies acides. Ces pluies acides polluent ensuite les eaux telles que les rivières, les fleuves, les mers et les océans. L’eau va ensuite passer dans les déchets qui dégageront des polluants toxiques dans les sols. Cette eau touchée par les polluants atteindra les nappes phréatiques qui seront contaminées par divers polluants tels que les matériaux lourds, les déchets toxiques, les détergents… D’où une pollution des fruits et des légumes cultivés dans la terre.\r\n\r\nIl existe encore un autre type de pollution qui est encore plus toxique, qui est le rejet des déchets industriels dans la nature et l’eau. Les industries n’investissent pas dans des outils de traitements de déchets. Les déchets industriels se retrouvent alors en conséquence dans la nature et diffusent des polluants toxiques qui ont un impact extrêmement grave sur la santé des être humains et des animaux.\r\n\r\nLes océans ne sont pas non plus épargnés par cette pollution. En effet, l’Homme n’a cessé de vider les déchets urbains dans les océans, en pensant que l’eau allait naturellement les dégrader. En réalité, les déchets jetés dans les océans mettent plusieurs centaines et milliers d’année à se dégrader voir à ne jamais disparaître. Le mélange eau + déchets provoque une réaction chimique toxique qui se propage dans l’eau. Cette pollution toxique ainsi que les déchets atteignent les êtres vivants de la mer qui font apparaître chez eux des maladies ou peuvent provoquer leur mort par ingestion.  On parle ainsi d’extinction de certaines espèces animales qui jouent un rôle important dans l’écosystème et la chaîne alimentaire.\r\n\r\nGeste écologique n°3 : Faire le tri !\r\nLe tri des déchets est un moyen de faciliter le recyclage réalisé par les usines industrielles spécifiées.  Trier ses déchets à la maison aura un impact positif sur l’environnement puisque chacun d’entre eux aura été pré-trié, les communes auront donc plus de facilité à recycler chaque bac en fonction de sa matière : plastique, carton, verre, papier, aliments, métaux…\r\n\r\nIl faut entre 2 et 4 bacs de tri à la maison s’il vous est possible de les installer à l’intérieur ou sur une terrasse. Chacun doit être prévu pour une ou plusieurs matières spécifiques :\r\n\r\nCas n°1 pour 2 bacs de tri :\r\n\r\nBac 1 : pour le papier, le carton, le plastique, le verre\r\nBac 2 : pour les aliments\r\nCas n°2 pour 4 bacs de tri :\r\n\r\nBac 1 : pour le papier et le carton\r\nBac 2 : pour le plastique\r\nBac 3 : pour le verre\r\nBac 4 : pour les aliments\r\nUne fois le tri réalisé à la maison, il faudra prendre le temps de les jeter dans chaque bac de tri installé dans vos communes. Ils sont facilement reconnaissables puisqu’ils possèdent chacun une couleur et une mention pour chaque matière.\r\n\r\nLe recyclage est une des meilleures solutions pour réduire le nombre de déchets dans la nature, puisqu’il réutilise des matières pour en réaliser d’autres qui seront ensuite réutilisées pour la fabrication d’autres produits comme : les vêtements, les jouets, les emballages, les bouteilles, les contenants, du tissu…\r\n\r\nA savoir que le reste des aliments jetés à la poubelle sont les moins nocifs car ils sont biodégradables. Ce sont ceux qui se dégradent le plus vite dans la nature et certains peuvent même nourrir la terre comme  les peaux de fruits et de légumes. Que vous habitiez en maison ou en appartement, vous pouvez vous équiper d’un bac à compost afin de réduire encore un peu plus vos déchets. ^^\r\n\r\n \r\n\r\nGeste écologique n°4 : Consommer local et de saison\r\nL’heure est à la prise de conscience sur le plan alimentaire, et il était temps ! Consommer local et de saison est LA règle de base pour prendre soin de sa santé tout en prenant soin de l’environnement. Cela inclue une dimension sociale et solidaire afin d’aider les petits producteurs, tout en permettant de manger des fruits et légumes non conservés avec des produits chimiques, donc bio.^^\r\n\r\nPourquoi est-il si important de consommer local et de saison ? Les fruits et légumes vendus par les petits producteurs locaux sont traités et cultivés sans produits chimiques. L’agriculture des fruits et légumes se fait naturellement. Leur conservation est plus courte que ceux de grandes surfaces car ils ne contiennent pas de conservateurs qui augmentent leur durée de vie. Par ailleurs, ils possèdent leurs bienfaits naturels essentiels à la santé du corps humain.\r\n\r\nLes  petits producteurs  proposent des fruits et légumes de saison, en fonction des récoltes qui se font tout au long de l’année.  Les légumes et fruits frais de saison sont adaptés au cycle du corps humain en  fonction de ses besoins tout au long de l’année. Les fruits et légumes consommés en hiver ne seront donc pas les mêmes que ceux consommés en été.\r\n\r\nIl faut savoir que les fruits et légumes conservés peuvent provoquer des allergies et des maladies telles que des cancers sur le long terme. Ils sont traités avec des engrais chimiques la plupart du temps cancérogènes comme le glyphosate (à l’origine de nombreux scandales sanitaires en ce moment) qui est un herbicide destiné à traiter les mauvaises herbes sur les terres agricoles.\r\n\r\nLe glyphosate est l’herbicide le plus utilisé dans le monde dans le secteur agricole, mais il est sujet à controverse car des scientifiques ont trouvé des traces de glyphosate dans certaines graines en début de pousse et dans certains légumes et céréales à la récolte. Ce qui devrait conduire à son interdiction définitive dans les années à venir d’ici à 2021 en France.\r\n\r\n \r\n\r\nGeste écologique n°5 : Réduire l’activité internet\r\nVous ne le savez peut-être pas mais l’activité internet a un très gros impact négatif sur l’air. Chaque année, ce sont des millions de tonnes équivalent CO2 qui sont émis dans l’atmosphère. Ce qui équivaut à des millions de tonnes de litres d’essence consommés.\r\n\r\nComment l’internet peut-il autant polluer ? Tout simplement, parce que les datacenters qui stockent les données internet doivent être alimentés en électricité en continue 24/24h et 7/7 j. Ainsi, toutes les activités que nous effectuons sur le web diffusent à chaque instant du CO2 dans l’air.\r\n\r\nLe CO2 aussi appelé dioxyde de carbone est un polluant que nous produisons et dégageons de notre corps par la bouche. Mais il est aussi produit par les déchets qui émettent  des polluants toxiques, regroupés dans ce que l’on appelle les gaz à effet de serre. Ces gaz à effet de serre sont reconnus comme étant responsables du réchauffement et dérèglement climatique de la planète.\r\n\r\nLe réchauffement climatique se traduit par une augmentation des températures terrestres et une fonte des glaces dans les pôles froids et ainsi une disparition de certaines espèces animales tels que l’ours polaire principalement.\r\n\r\nLe dérèglement climatique provoque, quant à lui, des catastrophes naturelles très souvent visibles à travers : les séismes, les cyclones, les tempêtes de vent, de neige et de pluie, les pluies diluviennes, les éboulements de terrain …\r\n\r\nMême si le compte à rebours de la fin de notre planète est déjà lancé depuis plusieurs décennies, on peut encore s’efforcer à avoir une activité web modérée et diminuer nos émissions de CO2.\r\n\r\nAlors comment réduire son activité sur le web à l’heure de l’ère numérique  ? En évitant par exemple les recherches inutiles,  la publication d’articles et de vidéos en grand format, ou encore en limitant son utilisation des réseaux sociaux (cf voir l’article dans notre blog).', '12715636_502816613251786_35704700565014997_n-e1456697534880.jpg', 2, 32, '2019-06-12 05:42:48'),
(95, 'Comment réussir à tout gérer sans se laisser déborder ?', 'Je suis passée par là !\r\nQuand on est mumpreneur, et qu’on travaille à la maison sans horaires précis, on peut facilement se laisser absorber par son travail et en oublier l’essentiel.\r\n\r\nN’étant pas non plus une reine de l’organisation à la base, je me suis vite laissée complètement dépasser par les événements ! Comme il était hors de question que ça continue aussi, j’ai appris à reprendre le contrôle de mes journées et à trouver un équilibre entre les différents aspects de ma vie.\r\n\r\nAttention, je ne dis pas que tout est parfait ! Avec des enfants en bas âge, il y a des jours où je ne fais absolument rien de ce que j’avais prévu. Mais la différence c’est que j’ai appris à redéfinir mes priorités.\r\n\r\nJe vous livre ici quelques astuces qui m’ont beaucoup aidée à ne plus me laisser dépasser et à rester sereine en toute circonstance.\r\n\r\n1/ Ne rien faire\r\nNon, je ne me suis pas trompée, je parle bien de ne rien faire ! Aujourd’hui on a tout simplement perdu l’habitude de penser, de laisser notre cerveau travailler librement. On est constamment occupéj et même quand on n’a rien à faire on s’occupe l’esprit avec des mp3, des vidéos, des coups de fil et j’en passe.\r\nPrenez l’habitude d’avoir régulièrement des moments, même courts, où vous ne faites rien qui occupe votre esprit ou votre attention.\r\nPar exemple, prendre un thé tranquillement (sans écran ou autre sous les yeux) et savourer le moment. Ou encore faire une petite promenade (sans écouteurs ou portable bien sûr). Vous avez peur de vous ennuyer ? Vous allez voir ce qui va se passer, vous allez commencer à penser, à penser à vous, au monde qui vous entoure, à votre vie…ça fait un bien fou et c’est tout simplement vital !\r\n\r\n2/ Prendre de la hauteur\r\nLe problème aujourd’hui, c’est qu’on a toujours la tête dans le guidon. On se consacre à ce qui nous occupe sur le coup, principalement à ce qui est urgent. Et bien souvent on oublie les choses moins urgentes mais pourtant essentielles.\r\n\r\nAlors levez la tête, prenez de la hauteur et considérez TOUS les aspects de votre vie ! Qu’est-ce qui compte le plus pour vous ? Qu’est-ce que vous voudriez faire passer au premier plan ?\r\n\r\nVous pouvez même en faire une petite liste histoire d’avoir tous les champs de votre vie en tête quand vous laisserez vos pensées voyager : Din, famille, santé, travail, loisir,…à vous de voir.\r\n\r\nPour chacun de ces domaines voyez régulièrement si vous y consacrez trop de temps, ou au contraire pas assez. Et décidez de ce que vous pourriez faire pour développer un domaine négligé, ou diminuer le temps et l’énergie consacrés à un domaine trop accaparant.\r\n\r\nUn petit conseil, quand vous entamez un changement commencez toujours petit. Pas de révolution, il faut tenir sur la longueur !\r\n\r\nN’oubliez pas également que notre tout premier rôle ici-bas est d’adorer Allah. S’il y a bien une chose à remettre au centre de votre vie, c’est votre religion. Il ne pourra en découler que des bienfaits sur les autres aspects de votre vie in sha Allah.\r\n\r\n3/ Engagez-vous\r\nC’est le moment de rentrer dans le concret, ouvrez votre agenda, sortez votre planning et planifiez les petits changements que vous voulez faire.\r\nVous voulez passer plus de temps avec vos enfants ? Bloquez une soirée ou une demi-journée où vous ne serez là que pour eux. Vous voulez commencer à lire le Quran tous les jours ? Réfléchissez à quel moment de la journée vous allez le faire, est-ce qu’il faudra vous réveiller un peu plus tôt ou autre.', 'rawpixel-191157-unsplash-1024x733.jpg', 2, 32, '2019-06-12 05:42:12'),
(96, 'Recette de la Talbina et petit plus healthy', 'Ingrédients pour une personne :\r\n\r\n30 g de farine d’orge mondée bio (environ deux cuillères à soupe),\r\n500 ml de lait de vache ou végétal (riz , amande, soja…), ou d’eau,\r\n1 cuillère à soupe de miel de thym, de fleurs, d’oranger ou d’acacia\r\nun fouet,\r\nune casserole,\r\nun saladier.\r\n \r\n\r\nPréparation de la talbina\r\nVersez votre farine dans un saladier. Ajoutez-y le liquide de votre choix. Ensuite, versez votre préparation dans une casserole et mettez sur feu doux.\r\n\r\nIl est important de bien mélanger tout au long de la cuisson afin d’éviter que la farine ne colle au fond. Laissez cuire entre 15 à 20 minutes. Si vous désirez un mélange liquide, 15 minutes vous suffiront. Si en revanche, vous recherchez une texture plus épaisse, 20 minutes vous seront nécessaires.\r\n\r\nPour agrémenter votre talbina, vous pouvez ajouter une cuillère à soupe de miel de votre choix (oranger, thym, acacia ou  #fleurs ).\r\n\r\nVous pouvez également remplacer par un mélange 250 ml de lait/ 250 ml d’eau.\r\n\r\n \r\n\r\nLe petit plus healthy\r\nPour apporter un côté #healthy en plus à votre recette, vous pouvez rajouter des graines de chia (1 cuillère à soupe), des raisins secs, des noisettes, des noix, des amandes, ou encore des graines de nigelle. \r\n\r\nVous pouvez aussi ajouter des morceaux de #fruits frais comme des #pommes, des fruits rouges, des #kiwis, de la #banane, ou encore des dattes.\r\n\r\n \r\n\r\nAstuce !\r\nLa préparation de la #talbina est une opération délicate, si vous craignez que la préparation colle, faites-la au bain-marie :).', '41019010_l-810x556.jpg', 2, 35, '2019-04-14 03:36:40'),
(97, 'L’importance d’être bien entourée', 'De #l’obscurité à la #lumière\r\nImaginez un petit instant une belle nuit d’hiver. Le ciel noir parsemé de milliard d’étoiles. Un froid glacial et vous, vous êtes dans une forêt transie de froid et de peur. Vous n’avez d’autre choix que de marcher pour survivre. Puis, au loin, vous apercevez une lumière faible mais qui semble vous guider. Vous avancez doucement et juste devant vous, se dresse une  charmante chaumière, il y a de la vie qui s’en dégage. Vous décidez d’entrer, contre toute attente la porte s’entrouvre et vous entrez !\r\n\r\nQue pensez vous trouver dans cette modeste demeure ?\r\nC’est simple, un feu majestueux danse dans la cheminée, une couverture douce et chaude est posée sur un lit douillet et pour couronner le tout, un grand bol fume et une délicieuse odeur de chocolat aux effluves réconfortantes et enveloppantes vous invitent à y tremper vos lèvres tuméfiées par le froid glacial d’un rude hiver. Vous y êtes dans cet endroit à l’abri du froid, de la faim, de la soif , de l’extérieur et de ses dangers ; en sécurité. Bien à l’abri, calée dans ce lit confortable et rêvant à une magnifique journée en vous relaxant devant ce spectacle naturel. C’est l’effet procuré par le fait d’être entourée.\r\n\r\n', '38797841_s-e1449404036772.jpg', 2, 33, '2019-04-14 11:19:22'),
(100, 'Salade de riz au surimi minceur', 'ÉTAPE 1\r\nFaites cuire le riz comme indiqué sur le paquet. Égouttez-le et laissez refroidir.\r\n\r\nÉTAPE 2\r\nCoupez le poivron en 2, épépinez-le et coupez-le en petits dés. Lavez le concombre et coupez-le en rondelles. Taillez les bâtonnets de surimi en cubes. Lavez et ciselez la ciboulette. Dans un saladier, mélangez tous les ingrédients de #salade.\r\n\r\nÉTAPE 3\r\nPréparez une vinaigrette avec #l\'huile, le vinaigre, le sel et le poivre. Versez-la sur la salade et mélangez bien.\r\n\r\nÉTAPE 4\r\nGardez au frais jusqu\'au moment de servir.', 'i135796-.jpeg', 2, 33, '2019-04-15 12:20:15'),
(101, 'Le slunch, à mi-chemin entre le goûter et le dîner', 'Qu\'est-ce-que le slunch ?\r\nVous vous demandez certainement ce que signifie le terme « Slunch ». Il s’agit tout simplement de la contraction entre les mots « supper » et « lunch » qui se traduisent respectivement par « dîner » et « repas ». Contrairement à ce que nous pourrions imaginer, cette nouvelle tendance est française et le terme a été inventé par une journaliste. Le Slunch, qui a déjà séduit de nombreux gourmands, se déguste généralement le dimanche aux alentours de 17 heures, de quoi éviter le blues du lundi matin ! Ce goûter dînatoire permet de passer un bon moment entre amis autour de mets sucrés et salés.\r\n\r\nComment se déroule un slunch ?\r\nOubliez vos habitudes, le Slunch casse les codes. Et oui, lors d’un Slunch les recettes sucrées précèdent les mets salés, comme si l’on passait progressivement du goûter au dîner. Ce repas se veut, avant tout, décontracté alors installez-vous dans un espace convivial et confortable. Autour d’un bar, sur un canapé ou encore sur des poufs. Pensez à diffuser un peu de musique pour détendre l’atmosphère et faire oublier à vos convives que c’est déjà la fin du #week-end ! Côté présentation des plats, faites place aux miniatures : verrines, cuillères apéritives, mini-bouchées…Et rangez vos couverts, lors d’un Slunch, nous mangeons avec les doigts.\r\n\r\nQuelques idées de recettes pour sluncher\r\nLes idées de recettes pour un Slunch à la fois gourmand et léger ne manquent pas. Comme nous l’avons expliqué, misez sur des portions individuelles. Ainsi, chacun pourra se régaler à sa convenance. Côté sucré, proposez des petits biscuits et gâteaux, des mousses en chocolat, ainsi que des fruits frais et de saison. Côté salé, vous avez également l’embarras du choix. Mini-cakes aux olives, verrines fraîcheur, caviar de légumes… Servez également un assortiment de graines et de fruits secs que vos amis grignoteront avec plaisir : graines de courges, amandes, noisettes ou encore pignons de pin. En ce qui concerne les boissons, tout est permis : jus de fruits, smoothies maison, thé ou même rosé raviront les papilles de vos convives. Enfin, pour changer du quotidien, lancez-vous dans un Slunch à thème. Faites voyager vos convives avec une cuisine exotique, épicée, italienne ou encore britannique. Un Slunch coloré et vitaminé sera également parfait pour passer une fin de week-end dans la bonne humeur. \r\n \r\nDimanche prochain, oubliez le #brunch et proposez à vos amis un #slunch, ils seront ravis !', 'i142792-slunch.jpeg', 2, 35, '2019-04-15 12:23:42'),
(102, 'Comment mettre sa famille en sécurité en cas d’incendie domestique ?', '#Incendie : les pièces à risque\r\nLa cuisine : c’est la pièce de départ de la plupart des incendies domestiques en journée en raison de l’usage d ‘appareils de cuisson. \r\nLa buanderie : ce local est à risque car il concentre plusieurs appareils ménagers électriques.\r\n\r\nLes causes de départ de feu\r\nLa négligence : bougie et cigarette laissées sans surveillance, plats et casseroles oubliés sur la cuisinière ou dans le four…\r\nIl est déconseillé de stocker des matières combustibles (bois, papier…) ou inflammables (alcool,, essence, peinture… ) dans un habitat, notamment près d’un feu et dans les lieux de circulation (couloir, escalier..)\r\nRemplacez toutes les ampoules à incandescence par des Leds, pour éviter la surchauffe, spécialement dans les abat-jours, le textile, les rideaux… \r\n\r\nIncendie : les publics à risque\r\nUne personne âgée a plus de risques de somnolence, de mauvaise audition et de difficulté à se mouvoir : un détecteur de fumée doit donc systématiquement être placé dans sa chambre ou la pièce où elle séjourne le plus souvent.\r\nLes enfants peuvent par négligence ou manque de surveillance, risquer de déclencher un incendie : jouer avec des allumettes ou un briquet laissé à portée de main, placer des objets trop près d’une cheminée sans insert, etc… C’est le rôle des adultes de les surveiller, il est cependant conseillé d’installer un détecteur de fumée dans leur chambre. \r\n\r\nLes adolescents : à cet âge particulèrement sensible, les comportements à risque étant importants : un détecteur de fumée doit impérativement être installé dans leur chambre et / ou dans la pièce qu’ils occupent le plus.', 'comment-mettre-sa-famille-en-securite-en-cas-d-incendie-domestique.jpeg', 2, 32, '2019-04-15 12:26:57'),
(103, 'Et si la routine avait du bon ?', 'Le psychologue et universitaire Roy Baumeister a mené une étude.  Au quotidien, il a observé les habitudes des personnes faisant preuve d’une grande persévérance.  Il s’est rendu compte de quelque chose : dans leur vie quotidienne, la régularité des actions est primordiale et c’est une des choses qui leur permet d’être aussi persévérants.  D’après lui, c’est une façon très efficace pour ne pas épuiser sa « force de volonté. »\r\n\r\nAu Danemark, trois autres professeurs ont mené une étude appelée Inertia in routines : A hidden source of organizational variation.  Au coeur de leur problématique, une question simple : « La routine est-elle un frein ou un accélérateur à l’adaptation organisationnelle ? ». Voici une élément de réponse que les professeurs Becker, Knudsen et Sangyoon ont pu appréhender : lorsqu’un individu réalise, quotidiennement, un ensemble d’actions, il agit plus ou moins automatiquement.  A partir de là, son cerveau est « libre » car il n’a plus besoin de penser à ce qu’il fait.  La routine pourrait donc booster la créativité.', 'routine-810x540.jpg', 2, 33, '2019-06-12 09:19:53'),
(104, 'POURQUOI SOMMES-NOUS MOINS VALORISÉES SUR LE MARCHÉ DU TRAVAIL ?', 'Nous les femmes restons dans l’ensemble moins valorisées sur le marché du travail: nos salaires sont globalement moindres que ceux des hommes, nous avons moins de postes à responsabilité, nous connaissons des interruptions de carrière plus fréquentes, nous sommes actives dans des secteurs qui sont moins reconnus et moins rémunérés, nous réalisons de nombreuses activités de manière bénévole, nous travaillons souvent à temps partiel, nos pensions sont inférieures à celles des hommes.\r\n\r\nNous les femmes donnons beaucoup du temps… mais nous perdons en sécurité financière…\r\n\r\nNous sommes généralement également fortement impliqués dans la sphe?re prive?e, via l’e?ducation des enfants, la prise en charge des parents, les ta?ches logistiques et me?nage?res. Or ces activités ne sont ni valorises ni rémunérées.\r\n\r\nA poste e?gal, les femmes restent globalement moins paye?es que les hommes\r\nLes femmes font globalement des choix d’études et de secteurs d’emploi moins rémunérateurs\r\nLes femmes font globalement des choix de carrière moins ambitieux\r\nLes femmes sont majoritaires dans les postes à temps partiel\r\nLes femmes négocient moins leur salaire que les hommes\r\nEn France, 1 homme sur 9 re?duit ou cesse son activite? apre?s une naissance, contre 1 femme sur 2\r\nEn France, la deuxie?me population la plus touche?e par les burn out sont les familles monoparentales, soit 85% de femmes.\r\nDans le nume?rique, les femmes sont sous-paye?es et sous repre?sente?es.\r\nLes filles réussissent mieux que les garçons à l’école en général mais cette bonne performance ne se retrouve pas dans la sphère professionnelle.\r\nFace à ces constats, que faire ?\r\n\r\nSensibiliser les enfants et leur donner les bases pour ‘vivre ensemble’ dans le respect mutuel\r\nSupprimer les inégalités salariales\r\nInstaurer un congé parental équivalent pour les deux parents\r\nLutter contre les stéréotypes dans les écoles et les entreprises\r\nAccompagner les carrières des femmes\r\nOffrir aux femmes des formations en leadership et en négociation\r\nAménager les horaires de travail pour conciliar vie privée et vie professionnelle\r\nSoutenir l’entrepreneuriat féminin\r\nQuelles sont vos propres expériences ? Que préconisez-vous pour permettre plus d’égalité et de reconnaissance ?\r\n\r\n ', '3a5c3156.jpg', 2, 32, '2019-06-12 10:07:49'),
(105, 'POUR ÊTRE HEUREUX… MIEUX VAUT-IL ÊTRE UN HOMME ?', 'Selon une enquête réalisée par la mutualité Solidaris en France et en Belgique, le profil-type de la personne heureuse est un homme de plus de 60 ans, actif, en couple et sans enfants !\r\n\r\nLes femmes souffriraient davantage d’insomnie, feraient moins de sport, auraient moins d’opprtunités de promotion dans leur job, disposeraient de moins de temps libre, se sentiraient plus stressées… Sympa le tableau n’est-ce pas ?\r\n\r\nLes injustices dans le monde du travail\r\nLorsqu’on demande aux salariés pour quelle raison ils ont pu être traités de manière injuste, celles liées au sexe et à l’apparence physique atteignent 20% mais ce chiffre passé à 40 % si l’on tient compte uniquement des réponses des femmes de moins de 40 ans !\r\n\r\nCe sont en majorité les femmes qui globalement ont les salaires les plus bas – une femme sur cinq est rémunérée à bas salaire en Europe – et à l’inverse ce sont en très grande majorité les hommes qui gagnent les plus gros salaires !\r\n\r\nLa hiérarchie des priorités\r\nBeaucoup de femmes privilégient le bien-être familial au détriment de leur vie professionnelle et le paient… parfois bien des années plus tard: temps partiel, interruptions de carrière, refus de promotions, tout cela impacte la retraite… Nous les femmes prenons moins soin de notre patrimoine et de notre parcours professionnel, or avec une espérance de vie plus longue, un risque plus élevé de monoparentalité ou de veuvage, c’est nous qui en avons le plus besoin…\r\n\r\nFamilles monoparentales\r\nEntre 35 et 49 ans, près de 15 % des femmes sont des adultes d’une famille monoparentale, pour seulement 3 % des hommes en France.', 'femme-menage-homme-plage.jpg', 2, 32, '2019-06-12 10:13:16'),
(106, 'meilleures idées cadeaux pour voyageurs en 2019', 'Noël approche et comme chaque année, on cherche tous LE cadeau idéal pour nos proches, celui qui leur fera plaisir à coup sûr. On a tous dans son entourage des personnes passionnées par le voyage et il n’est pas toujours facile de savoir ce qui leur sera utile ou les fera rêver. C’est pour cela que j’ai créé cette liste d’idées cadeaux pour voyageurs, pour vous faciliter la tâche pour Noël mais aussi pour toute autre occasion.', '403614-PCSI3I-874.jpg', 2, 38, '2019-06-12 10:46:19'),
(107, 'Comment bien choisir le muguet', '', 'comment-faire-durer-son-muguet.webp', 2, 34, '2019-06-13 12:33:48'),
(108, 'Lavande \"sachets et objets\" ... explication', 'Pour les sachets, je fait bien sécher la lavande une semaine,\r\n\r\nétalée sur du journal ou dans un carton à l\'air.\r\n\r\n  Je ne mets que la fleur,\r\n\r\nd\'ailleurs une fois sèche elle tombe de la tige, vous la roulez sous la main.\r\nMême un an après appuyez sur le sachet l\'odeur de l\'essence sort  toujours.\r\n\r\n \r\n\r\n \r\n\r\nPour les objets prévoir 3 mètres de ruban étroit, et 2 heures de temps.\r\n\r\nNettoyer brin par brin enlever les feuilles,\r\n\r\npour l\'épaisseur...que vous puissiez le tenir....entre deux doigts.\r\n\r\n', 'Nikon_0006.jpg', 7, 34, '2019-06-13 12:36:51'),
(109, 'Déco Chambre Bébé : Quelles Sont Les Dernières Tendances ?', 'Impossible de rester indifférent à cette tendance de décoration naturelle et épurée à la fois de la chambre bébé. Vous vous en doutez, le #style-scandinave n’est jamais très loin de cette tendance.\r\nDes combinaisons et des mélanges, du bleu, du vert, du rose,… C’est vraiment le retour du #pastel ! Une tendance à adopter pour donner une ambiance douce et « girly » à une chambre bébé fille. Vous pouvez également jouer avec des touches de noir ou de gris pour un contraste très contemporain.\r\n\r\nTendance #4: le noir & blanc\r\nUne tendance que l’on retrouve également chez les plus grands (voir : 25 idées de chambres d’enfants en noir et blanc), le choix du noir et blanc pour la déco de la chambre bébé est certes osé, mais le rendu est souvent magnifique !', 'DECO-CHAMBRE-BEBE-TENDANCE-768x402.jpg', 7, 34, '2019-11-11 12:19:15'),
(110, 'Chaussez vos baskets', 'Le club de #Danse et #Fitness Actiform installe une partie de ses cours à Sasseville, au programme #Body-Sculpt et #Yoga. Le club propose aussi, de la danse de salon à Cany, de la danse modern Jazz pour les adultes et les enfants, du step ainsi que du bodysculpt à Paluel,  du sh’bam et du bodysculpt à Vittefleur.\r\n\r\nVous trouverez toutes les informations et les tarifs sur leur site internet: actiforme-vittefleur.e-monsite.com\r\n\r\n', 'fitness.jpg', 2, 40, '2019-06-14 12:11:33'),
(111, 'Préparation pour le voyage en Turquie depuis la Tunisie', 'Arrivés tard le soir à Istanbul, notre fils Asser qui avait largement dépassé son heure de sommeil, était à la fois fatigué et agité. A l’aéroport nous avons changé une partie de notre argent, le taux était 1 € = 6.2 LT. J’avais également demandé des pièces d’1 LT afin d’avoir un chariot pour nos sacs à dos et le siège auto bébé, qu’on a pris avec nous, pour les 8 heures de Bus prévus d’Istanbul à Goreme et les déplacement en 4*4 dans la région de Cappadoce.', 'istanbul.jpg', 6, 38, '2019-11-10 02:33:54'),
(112, 'Diète cétogène (KETO): combattre le gras par le gras', 'logo Fraichement presse\r\n\r\nVISITEZ AUSSIlookdujour\r\nmuramur\r\nVoyage\r\nlogo Fraichement presse\r\nRecettes\r\nTrucs et inspirations\r\nVidéos\r\nDossiers spéciaux\r\nTesté par l\'équipe\r\nInspiration\r\n \r\nTechniques\r\n \r\nVidéos\r\nAccueil Trucs et inspirations Inspiration Diète cétogène (KETO): combattre le gras par le gras\r\nDiète cétogène (KETO): combattre le gras par le gras\r\nceto\r\nNicolas Leduc\r\nNicolas Leduc-Savard, Dt.P. M.Sc.\r\n	\r\n	\r\n	\r\nAujourd\'hui on parle de mode. Hein? Nico tu es nutritionniste chez Fraîchement Pressé, pas une blogueuse mode chez Vogue.\r\n\r\nReste avec moi, tu vas comprendre.\r\n\r\nL\'industrie alimentaire vient de sortir sa collection printemps-été 2018 et crois-moi cette année c\'est pas le chou kale ou manger comme un homme préhistorique qui est à la mode (désolé, paléo, t\'es mort). Cette année l\'industrie a choisi de combattre le feu par le feu, ou plutôt le gras par le gras, avec la diète cétogène (KETO).\r\n\r\nTartare à l\'avocat\r\n\r\nAnastasia_Panait / Shutterstock\r\n\r\nQuelle est la définition d\'un régime cétogène?\r\nLa keto, ou diète cétogène, est caractérisée par une diminution marquée de la consommation de glucides (la famille des sucres) et de protéines et par une augmentation de la proportion de l\'énergie qui provient des gras. Même si elle est très à la mode ces temps-ci, elle a été inventée dans les années 1920 pour diminuer les convulsions des enfants souffrant d\'épilepsie et diminuer la quantité de médicaments qu\'ils prennent. On l’utilise d’ailleurs encore aujourd\'hui au CHU Sainte-Justine pour traiter les enfants épileptiques.\r\n\r\nLa diète «fonctionne» quand tu réussis à atteindre l’état de cétose. Les bienfaits allégués de la cétose sont nombreux :\r\n\r\nPerdre du poids rapidement ;\r\nRalentir l\'apparition de la sensation de faim ;\r\nStabiliser le niveau d\'énergie pendant la journée ;\r\nDiminuer les symptômes de l\'épilepsie ;\r\nEtc.', 'keto.jpg', 7, 33, '2019-11-10 05:59:26');
INSERT INTO `article` (`id`, `titre`, `body`, `imageArticle`, `id_user`, `id_category`, `dateArticle`) VALUES
(114, 'Pourquoi faire du sport ?', 'Quand tu fais du sport, tu te muscles, tu deviens plus endurant aux efforts (les escaliers te semblent moins hauts) et tu te sens en meilleure forme. Figure-toi que le sport te protège contre certaines maladies comme le diabète, l’obésité, les problèmes cardio-vasculaires (le cœur), et même les maux de dos.\r\n\r\nEt puis, quand on met son corps en mouvement, notre cerveau sécrète des endorphines, hormones qui véhiculent une sensation de plaisir et d’apaisement ! Faire du sport a donc des effets positifs sur notre moral !\r\n\r\nEnfin, à l’adolescence, le corps change beaucoup et vite, on ne se sent pas toujours à l’aise, on ne sait pas très bien quoi faire de ses bras, on est maladroit. Le sport peut alors être le moyen de se familiariser avec ce nouveau corps.', 'sport.jpg', 7, 40, '2019-11-11 02:14:41'),
(115, 'Recette facile du Gâteau moelleux au citron', 'Liste des ingrédients\r\n125 g de beurre\r\n125 g de sucre\r\n125 g de farine\r\n2 oeufs\r\n2 citrons non traités\r\n1 sachet de levure chimique\r\n1 pincée de sel\r\nEtapes de la recette\r\nDans un saladier, fouettez le beurre mou avec le sucre pour obtenir un mélange crémeux, ajoutez-y les oeufs un par un puis mélangez\r\nRâpez le zeste et prélevez le jus des deux citrons, rajoutez à la préparation en mélangeant\r\nMélangez la farine, la levure chimique et le sel puis ajoutez le tout à la préparation en mélangeant légèrement\r\nBeurrez et sucrez deux petits moules à charnière de 16 cm ou un seul moule de 18 à 22 cm puis répartissez-y la pâte\r\nEnfournez à 180° pendant 20 à 25 minutes. Laissez refroidir 10 minutes avant de démouler.', 'recette-gateau-moelleux-citron.jpg', 7, 35, '2019-11-11 01:21:57');

-- --------------------------------------------------------

--
-- Structure de la table `category`
--

CREATE TABLE `category` (
  `id` int(11) NOT NULL,
  `name` varchar(255) NOT NULL
) ENGINE=InnoDB DEFAULT CHARSET=latin1;

--
-- Déchargement des données de la table `category`
--

INSERT INTO `category` (`id`, `name`) VALUES
(27, ' Beauté '),
(32, 'Société '),
(33, 'Bien-être '),
(34, 'Déco '),
(35, 'Cuisine & recettes '),
(38, 'Voyages '),
(40, 'Sport'),
(41, 'Enfants');

-- --------------------------------------------------------

--
-- Structure de la table `comments`
--

CREATE TABLE `comments` (
  `id` int(11) NOT NULL,
  `IdCommentor` int(11) NOT NULL,
  `body` text NOT NULL,
  `dateComment` datetime NOT NULL,
  `idArticle` int(11) NOT NULL
) ENGINE=InnoDB DEFAULT CHARSET=latin1;

--
-- Déchargement des données de la table `comments`
--

INSERT INTO `comments` (`id`, `IdCommentor`, `body`, `dateComment`, `idArticle`) VALUES
(10, 5, 'bravo', '2019-11-10 00:00:00', 100),
(12, 7, 'et l\'odeur est durable ', '2019-11-11 06:38:08', 108),
(13, 7, 'essayer svp ', '2019-11-11 06:39:30', 108),
(14, 8, 'vive le sport', '2019-11-11 07:20:11', 114),
(15, 8, ';) loooool', '2019-11-11 07:21:51', 114),
(16, 8, 'c\'est le meilleur régime', '2019-11-11 07:26:23', 112),
(17, 8, 'sucrez deux petits moules à charnière de 16 cm ou un seul moule de 18 à 22 cm puis répar', '2019-11-11 07:26:52', 115),
(18, 8, 'recette réussi  100 %', '2019-11-11 07:42:25', 100),
(19, 6, ' #Fitness  #Fitness  #Fitness  #Fitness  #Fitness ', '2019-11-11 10:53:20', 110),
(20, 6, '#Fitness #Fitness #Fitness #Fitness', '2019-11-11 11:33:17', 110),
(21, 7, 'Bloquez une soirée ou une demi-journée où vous ne serez là que pour eux. Vous voulez commencer à lire le Quran tous les jours ? Réfléchissez à quel moment de la journée vous allez le faire, est-ce qu’il faudra vous réveiller un peu plus tôt ou autre.', '2019-11-12 12:14:56', 95),
(22, 3, ' le corps change beaucoup et vite, on ne se sent pas toujours à l’aise, on ne sait pas très bien quoi faire de ses bras, on est maladroit.', '2019-11-12 12:21:31', 114);

-- --------------------------------------------------------

--
-- Structure de la table `likes`
--

CREATE TABLE `likes` (
  `id` int(11) NOT NULL,
  `idUser` int(11) NOT NULL,
  `idArticle` int(11) NOT NULL
) ENGINE=InnoDB DEFAULT CHARSET=latin1;

-- --------------------------------------------------------

--
-- Structure de la table `user`
--

CREATE TABLE `user` (
  `id` int(11) NOT NULL,
  `privilégie` enum('admin','user') NOT NULL,
  `first_Name` varchar(255) NOT NULL,
  `last_Name` varchar(255) NOT NULL,
  `email` varchar(255) NOT NULL,
  `password` varchar(255) NOT NULL,
  `imgUser` text NOT NULL
) ENGINE=InnoDB DEFAULT CHARSET=latin1;

--
-- Déchargement des données de la table `user`
--

INSERT INTO `user` (`id`, `privilégie`, `first_Name`, `last_Name`, `email`, `password`, `imgUser`) VALUES
(2, 'admin', 'Intissar', 'Ahmed', 'intissar@gmail.com', 'c7ad44cbad762a5da0a452f9e854fdc1e0e7a52a38015f23f3eab1d80b931dd472634dfac71cd34ebc35d16ab7fb8a90c81f975113d6c7538dc69dd8de9077ec', 'moi.jpg'),
(3, 'user', 'Manel', 'Ben romdhan', 'manel@live.com', '2a41d1372eb877bc52ce2866725075a4b8ac87e28b104c53081421fc1717b003a37720746b588ab821a089aca08b449d76ceea9de06d5d90d8ca6a558c2ffada', 'team-7.jpg'),
(5, 'user', 'Amal', 'ben Ali', 'amel@amel.tn', 'b6608ee7536aec7aeefdeffc684a7eb289fb2ec7923b217cb6b01b1a0aae65e0a1fd53ae3e7d4e8f020ee68ddd7b7e5f2a9ddb89f083656d70f68db2940eeb4d', 'avatar-3.jpg'),
(6, 'admin', 'hajjaj', 'hamza', 'hamza@gmail.com', '750be7cc52ba8d5066381c5f35c9152c41d958a206cf0c5ef42602362a47d98aed6e0d978bd702430489553ee667dfa6ea4c7f6641bba87143c908937ed8e1aa', 'user2.jpg'),
(7, 'admin', 'Amelie', 'violette', 'violette@gmail.com', '471dcf8bd2b3a45937509e4942448744590bffb978024059121b99566b3cf2cc0a9204cdd79205dd4461cbd339d7712cd55a44b78bfe677fa7aa8720d0811fec', 'a2.png'),
(8, 'user', 'ali', 'ibrahim', 'ali@gmail.com', '142ec5ad652a5fdb259e34b5f6316027a5067a633ce6ebe29622863f892f400da1ad3cdf482e58db0d06f04b25d70ec2ac489838608b88ed8f9553b53fd15eda', 'blog-3.jpg'),
(9, 'user', 'maisa', 'jemii', 'maisa@gmail.com', '2d84bde8619731e547d8b8af693ee73a6f2234f67858acbed12b7f8505045cf7de7558900f689b1aaa02b6774c49e480d52dd8d30e273a0942fa86d799946c8c', 'next.jpg'),
(10, 'user', 'mohamed', 'salah', 'med@gmail.com', 'c59279dfa48a03a5fe14e6fa1d40d7ad20fe5af7170d7533036d2764435a2414e667b8278c0a2dd426a687170abb3f847f4f616a14add57a8b17ac1a36472817', 'cat-post-2.jpg'),
(11, 'user', 'jannet ', 'Stallon', 'jannet@gmail.com', '0519e3dc8673726f4c114d26dcdce440ad7d577dc8f610739f7cdc83fd2dcd46d21d667aeb0677d3ba80a067d0e1cc02f4c61ea28dd5a45d1a11b1884c2a776c', 'team-4.jpg');

--
-- Index pour les tables déchargées
--

--
-- Index pour la table `article`
--
ALTER TABLE `article`
  ADD PRIMARY KEY (`id`),
  ADD KEY `id_user` (`id_user`),
  ADD KEY `id_category` (`id_category`);

--
-- Index pour la table `category`
--
ALTER TABLE `category`
  ADD PRIMARY KEY (`id`);

--
-- Index pour la table `comments`
--
ALTER TABLE `comments`
  ADD PRIMARY KEY (`id`),
  ADD KEY `idArticle` (`idArticle`) USING BTREE,
  ADD KEY `con_iduser` (`IdCommentor`);

--
-- Index pour la table `likes`
--
ALTER TABLE `likes`
  ADD PRIMARY KEY (`id`),
  ADD KEY `cont1` (`idArticle`),
  ADD KEY `cont2` (`idUser`);

--
-- Index pour la table `user`
--
ALTER TABLE `user`
  ADD PRIMARY KEY (`id`);

--
-- AUTO_INCREMENT pour les tables déchargées
--

--
-- AUTO_INCREMENT pour la table `article`
--
ALTER TABLE `article`
  MODIFY `id` int(11) NOT NULL AUTO_INCREMENT, AUTO_INCREMENT=116;

--
-- AUTO_INCREMENT pour la table `category`
--
ALTER TABLE `category`
  MODIFY `id` int(11) NOT NULL AUTO_INCREMENT, AUTO_INCREMENT=42;

--
-- AUTO_INCREMENT pour la table `comments`
--
ALTER TABLE `comments`
  MODIFY `id` int(11) NOT NULL AUTO_INCREMENT, AUTO_INCREMENT=23;

--
-- AUTO_INCREMENT pour la table `likes`
--
ALTER TABLE `likes`
  MODIFY `id` int(11) NOT NULL AUTO_INCREMENT;

--
-- AUTO_INCREMENT pour la table `user`
--
ALTER TABLE `user`
  MODIFY `id` int(11) NOT NULL AUTO_INCREMENT, AUTO_INCREMENT=12;

--
-- Contraintes pour les tables déchargées
--

--
-- Contraintes pour la table `article`
--
ALTER TABLE `article`
  ADD CONSTRAINT `contrainte1` FOREIGN KEY (`id_category`) REFERENCES `category` (`id`) ON DELETE CASCADE,
  ADD CONSTRAINT `contrainte2` FOREIGN KEY (`id_user`) REFERENCES `user` (`id`) ON DELETE CASCADE;

--
-- Contraintes pour la table `comments`
--
ALTER TABLE `comments`
  ADD CONSTRAINT `con_iduser` FOREIGN KEY (`IdCommentor`) REFERENCES `user` (`id`) ON DELETE CASCADE,
  ADD CONSTRAINT `contrainte_comments` FOREIGN KEY (`idArticle`) REFERENCES `article` (`id`) ON DELETE CASCADE;

--
-- Contraintes pour la table `likes`
--
ALTER TABLE `likes`
  ADD CONSTRAINT `cont1` FOREIGN KEY (`idArticle`) REFERENCES `article` (`id`),
  ADD CONSTRAINT `cont2` FOREIGN KEY (`idUser`) REFERENCES `user` (`id`);
COMMIT;

/*!40101 SET CHARACTER_SET_CLIENT=@OLD_CHARACTER_SET_CLIENT */;
/*!40101 SET CHARACTER_SET_RESULTS=@OLD_CHARACTER_SET_RESULTS */;
/*!40101 SET COLLATION_CONNECTION=@OLD_COLLATION_CONNECTION */;
